allele_1	allele_2	reads_explained
A*01:01:77	A*23:18	0.39032492745719766
A*01:01:77	A*24:02:101	0.3894866815344187
A*01:01:77	A*24:464	0.38929378971696105
A*01:01:77	A*24:353	0.3888508529509471
A*01:01:77	A*24:368	0.38690169304243976
B*51:106:02	B*55:03	0.4295075662410743
B*51:158:02	B*55:03	0.42945696190624744
B*51:295	B*55:03	0.42726490119057114
B*78:09	B*55:03	0.42693984275744806
B*35:178	B*55:03	0.4265117896193244
C*01:05	C*04:187	0.3760890350527297
C*01:17	C*04:187	0.37425775347711315
C*01:05	C*17:38:01:01	0.3724109929284907
C*01:17	C*17:38:01:01	0.3705475627166312
C*07:02:30	C*04:187	0.3694295045895155
DPA1*01:03:01:34	DPA1*02:02:08	0.012621911796049051
DPA1*01:03:01:34	DPA1*02:30	0.012621911796049051
DPA1*01:30	DPA1*03:01:02:01	0.01261953041558661
DPA1*01:03:01:34	DPA1*01:30	0.012618935070471002
DPA1*01:03:01:34	DPA1*03:01:01:05	0.012618935070471002
DPB1*677:01	DPB1*02:01:02:41	0.02101032447499491
DPB1*677:01	DPB1*02:01:25	0.02101032447499491
DPB1*677:01	DPB1*819:01	0.02101032447499491
DPB1*04:02:01:03	DPB1*02:01:02:41	0.02100020360802954
DPB1*04:02:01:03	DPB1*02:01:25	0.02100020360802954
DQA1*03:02:01:02	DQA1*05:05:01:15	0.0057492477814464265
DQA1*03:13	DQA1*05:05:01:15	0.005723052596359583
DQA1*03:02:01:02	DQA1*06:01:01:01	0.005630774103440023
DQA1*03:13	DQA1*06:01:01:01	0.005630774103440023
DQA1*03:02:01:02	DQA1*01:03:01:09	0.005196172169044674
DQB1*03:03:02:04	DQB1*03:01:01:23	0.005367036217224763
DQB1*03:03:02:04	DQB1*03:21	0.005367036217224763
DQB1*03:01:01:23	DQB1*03:239	0.005367036217224763
DQB1*03:01:01:23	DQB1*03:02:21	0.005367036217224763
DQB1*03:21	DQB1*03:239	0.005367036217224763
DRB1*09:01:02:03	DRB1*11:01:01:01	0.0589844126741831
DRB1*09:01:02:03	DRB1*11:01:02	0.058902850393344516
DRB1*09:01:02:03	DRB1*14:02:01:01	0.05489974983598242
DRB1*09:01:02:03	DRB1*03:02:01	0.05473067182314916
DRB1*09:01:02:03	DRB1*08:03:02:01	0.05246002555221236
