PC,Proportion.Variance.Explained
1,0.011667777098161258
2,0.0048050642438635357
3,0.0036502346885348316
4,0.0026082855906794551
5,0.002370299242871484
6,0.0018303626974832392
7,0.0012966879423688821
8,0.0012463278764173029
9,0.0010420514251798351
10,0.00091443994671394722
